[
  {
    "id": "7a8d6724-2d7e-43dc-84c6-32aa2a43553c",
    "data": [
      {
        "text": "Que tal",
        "userDefined": false
      }
    ],
    "isTemplate": false,
    "count": 0,
    "lang": "es",
    "updated": 0
  },
  {
    "id": "0b18ff75-3122-4855-9168-8ef6079a4c05",
    "data": [
      {
        "text": "Buenas buenas",
        "userDefined": false
      }
    ],
    "isTemplate": false,
    "count": 0,
    "lang": "es",
    "updated": 0
  },
  {
    "id": "038b704c-8651-43cc-a2a4-26c7729b4396",
    "data": [
      {
        "text": "Buenas noches",
        "userDefined": false
      }
    ],
    "isTemplate": false,
    "count": 0,
    "lang": "es",
    "updated": 0
  },
  {
    "id": "e0883b08-5e3a-42d9-bcb6-b289411848e3",
    "data": [
      {
        "text": "Buenos dias",
        "userDefined": false
      }
    ],
    "isTemplate": false,
    "count": 0,
    "lang": "es",
    "updated": 0
  },
  {
    "id": "ddacf393-9852-4897-9369-1fd64b396ae0",
    "data": [
      {
        "text": "Buenas tardes",
        "userDefined": false
      }
    ],
    "isTemplate": false,
    "count": 0,
    "lang": "es",
    "updated": 0
  },
  {
    "id": "ba4c2a31-2084-48f7-9fb8-5515edd62166",
    "data": [
      {
        "text": "Holaa",
        "userDefined": false
      }
    ],
    "isTemplate": false,
    "count": 0,
    "lang": "es",
    "updated": 0
  },
  {
    "id": "073cd442-3354-483e-9fdc-bd06c690542e",
    "data": [
      {
        "text": "Hola qué tal",
        "userDefined": false
      }
    ],
    "isTemplate": false,
    "count": 0,
    "lang": "es",
    "updated": 0
  },
  {
    "id": "7d7c48b0-67ce-474e-8980-3cb411944b46",
    "data": [
      {
        "text": "Hola",
        "userDefined": false
      }
    ],
    "isTemplate": false,
    "count": 0,
    "lang": "es",
    "updated": 0
  },
  {
    "id": "288853a0-ecc3-4fb3-b66c-ca4af5fad7a4",
    "data": [
      {
        "text": "hey",
        "userDefined": false
      }
    ],
    "isTemplate": false,
    "count": 0,
    "lang": "es",
    "updated": 0
  },
  {
    "id": "6b0f6c66-b879-4b4f-af92-e96e46f3424b",
    "data": [
      {
        "text": "saludos",
        "userDefined": false
      }
    ],
    "isTemplate": false,
    "count": 0,
    "lang": "es",
    "updated": 0
  }
]