[
  {
    "id": "a965c4ff-cf46-4c8b-9dd8-0f7dc8a8410f",
    "data": [
      {
        "text": "Esta bien",
        "userDefined": false
      }
    ],
    "isTemplate": false,
    "count": 0,
    "lang": "es",
    "updated": 0
  },
  {
    "id": "c63ff972-2949-4ba1-b9cd-c0deb1468fa6",
    "data": [
      {
        "text": "Iniciemos",
        "userDefined": false
      }
    ],
    "isTemplate": false,
    "count": 0,
    "lang": "es",
    "updated": 0
  },
  {
    "id": "53858a60-7e52-40aa-b0b8-05d9ab404f3d",
    "data": [
      {
        "text": "Iniciar",
        "userDefined": false
      }
    ],
    "isTemplate": false,
    "count": 0,
    "lang": "es",
    "updated": 0
  },
  {
    "id": "d31e7384-1c9d-44cc-9c0a-d422147dd741",
    "data": [
      {
        "text": "De acuerdo",
        "userDefined": false
      }
    ],
    "isTemplate": false,
    "count": 0,
    "lang": "es",
    "updated": 0
  },
  {
    "id": "1aa1c61d-9db1-4029-942d-10c9b9face0e",
    "data": [
      {
        "text": "Comencemos",
        "userDefined": false
      }
    ],
    "isTemplate": false,
    "count": 0,
    "lang": "es",
    "updated": 0
  },
  {
    "id": "6e4da95e-514b-4bcb-ad8d-7bbd6aa1691c",
    "data": [
      {
        "text": "Ok",
        "userDefined": false
      }
    ],
    "isTemplate": false,
    "count": 0,
    "lang": "es",
    "updated": 0
  }
]