[
  {
    "id": "b6cf8ec4-7f5b-4447-ab4e-53ae6c08011b",
    "data": [
      {
        "text": "Esta bien",
        "userDefined": false
      }
    ],
    "isTemplate": false,
    "count": 0,
    "lang": "es",
    "updated": 0
  },
  {
    "id": "a666f9d9-0a3e-40ca-93c1-0035f79bb94e",
    "data": [
      {
        "text": "Okay",
        "userDefined": false
      }
    ],
    "isTemplate": false,
    "count": 0,
    "lang": "es",
    "updated": 0
  },
  {
    "id": "8338e96c-aaa4-4960-980b-668b11f0c29a",
    "data": [
      {
        "text": "Vale",
        "userDefined": false
      }
    ],
    "isTemplate": false,
    "count": 0,
    "lang": "es",
    "updated": 0
  },
  {
    "id": "7e0fd28c-3e15-4129-9d30-4224e5527e1d",
    "data": [
      {
        "text": "Si",
        "userDefined": false
      }
    ],
    "isTemplate": false,
    "count": 0,
    "lang": "es",
    "updated": 0
  },
  {
    "id": "1d52fa75-8fc9-4f06-80a1-8098cd639830",
    "data": [
      {
        "text": "Comencemos",
        "userDefined": false
      }
    ],
    "isTemplate": false,
    "count": 0,
    "lang": "es",
    "updated": 0
  },
  {
    "id": "8027f483-9eff-4850-932a-9035ae0b6bc0",
    "data": [
      {
        "text": "De acuerdo",
        "userDefined": false
      }
    ],
    "isTemplate": false,
    "count": 0,
    "lang": "es",
    "updated": 0
  },
  {
    "id": "4166fb41-51c8-4dc7-a28a-bc4b40f0de85",
    "data": [
      {
        "text": "Ok",
        "userDefined": false
      }
    ],
    "isTemplate": false,
    "count": 0,
    "lang": "es",
    "updated": 0
  }
]