[
  {
    "id": "53c2fd7d-0264-406a-9d29-3286fd2f8caa",
    "data": [
      {
        "text": "Claro",
        "userDefined": false
      }
    ],
    "isTemplate": false,
    "count": 0,
    "lang": "es",
    "updated": 0
  },
  {
    "id": "dd5d0ea1-d65e-46b7-b379-b2b7e46b9339",
    "data": [
      {
        "text": "De acuerdo",
        "userDefined": false
      }
    ],
    "isTemplate": false,
    "count": 0,
    "lang": "es",
    "updated": 0
  },
  {
    "id": "e276f851-85f7-4442-b0b4-07accd73a916",
    "data": [
      {
        "text": "Sí",
        "userDefined": false
      }
    ],
    "isTemplate": false,
    "count": 0,
    "lang": "es",
    "updated": 0
  }
]