[
  {
    "id": "3788e92f-e023-4f33-9e06-b30b7e228fa1",
    "data": [
      {
        "text": "vale",
        "userDefined": false
      }
    ],
    "isTemplate": false,
    "count": 1,
    "lang": "es",
    "updated": 0
  },
  {
    "id": "64b0c9d0-3d8e-4fdf-a726-ca432407d6b7",
    "data": [
      {
        "text": "gracias",
        "userDefined": false
      }
    ],
    "isTemplate": false,
    "count": 0,
    "lang": "es",
    "updated": 0
  },
  {
    "id": "e2e86f87-283c-478d-b34a-26f0e4730e08",
    "data": [
      {
        "text": "esta bien",
        "userDefined": false
      }
    ],
    "isTemplate": false,
    "count": 0,
    "lang": "es",
    "updated": 0
  },
  {
    "id": "f66b5923-0d2f-431a-913a-03890cbb335a",
    "data": [
      {
        "text": "confirmo",
        "userDefined": false
      }
    ],
    "isTemplate": false,
    "count": 0,
    "lang": "es",
    "updated": 0
  }
]