[
  {
    "id": "4c64a5ea-968f-4cca-951d-7db8e6f053e6",
    "data": [
      {
        "text": "webhook",
        "userDefined": false
      }
    ],
    "isTemplate": false,
    "count": 0,
    "lang": "es",
    "updated": 0
  },
  {
    "id": "cecfad80-9e26-47eb-aec5-e50908003a89",
    "data": [
      {
        "text": "demo",
        "userDefined": false
      }
    ],
    "isTemplate": false,
    "count": 0,
    "lang": "es",
    "updated": 0
  },
  {
    "id": "6cd575bf-2c1a-48fb-baa4-a7aa48b9cf2d",
    "data": [
      {
        "text": "webhook demo",
        "userDefined": false
      }
    ],
    "isTemplate": false,
    "count": 0,
    "lang": "es",
    "updated": 0
  },
  {
    "id": "2d51596f-ada7-42b0-9775-02ea8f45e7d7",
    "data": [
      {
        "text": "webhookdemo",
        "userDefined": false
      }
    ],
    "isTemplate": false,
    "count": 0,
    "lang": "es",
    "updated": 0
  }
]