[
  {
    "value": "Entumecimiento",
    "synonyms": [
      "Entumecimiento",
      "Entumecido",
      "Torpe",
      "Tenso"
    ]
  },
  {
    "value": "Acalorado",
    "synonyms": [
      "Acalorado",
      "Con calor",
      "Siento calor",
      "Calor"
    ]
  },
  {
    "value": "Temblor",
    "synonyms": [
      "Temblor",
      "Tiemblo",
      "Tiembla mi cuerpo",
      "Me tiembla"
    ]
  },
  {
    "value": "Miedo",
    "synonyms": [
      "Miedo",
      "Tengo miedo",
      "Me da miedo",
      "Siento temor"
    ]
  }
]