[
  {
    "value": "0",
    "synonyms": [
      "0",
      "cero",
      "no ha sido dificil",
      "No lo ha sido",
      "No ha sido"
    ]
  },
  {
    "value": "1",
    "synonyms": [
      "1",
      "uno",
      "Un poco dificil",
      "Un poco",
      "Un poquito",
      "No mucho"
    ]
  },
  {
    "value": "2",
    "synonyms": [
      "2",
      "dos",
      "muy dificil",
      "mucho"
    ]
  },
  {
    "value": "3",
    "synonyms": [
      "3",
      "tres",
      "extremadamente dificil",
      "extremadamente",
      "muchisimo"
    ]
  }
]