[
  {
    "value": "0",
    "synonyms": [
      "cero",
      "0",
      "ningun dia",
      "ningún día"
    ]
  },
  {
    "value": "1",
    "synonyms": [
      "uno",
      "1",
      "Menos de la mitad de los días",
      "Menos de la mitad"
    ]
  },
  {
    "value": "2",
    "synonyms": [
      "dos",
      "2",
      "más de la mitad de los días",
      "mas de la mitad"
    ]
  },
  {
    "value": "3",
    "synonyms": [
      "tres",
      "3",
      "Casi todos los días",
      "Casi todos"
    ]
  }
]