[
  {
    "value": "0",
    "synonyms": [
      "0",
      "Para nada",
      "En absoluto",
      "En lo absoluto",
      "Nope",
      "No",
      "Nada",
      "cero",
      "ceroo",
      "para anda",
      "para nadaa",
      "nadaa"
    ]
  },
  {
    "value": "1",
    "synonyms": [
      "1",
      "Levemente",
      "Leve",
      "Un poquito",
      "Poquito",
      "Uno"
    ]
  },
  {
    "value": "2",
    "synonyms": [
      "2",
      "dos",
      "moderado",
      "moderadamente",
      "más o menos"
    ]
  },
  {
    "value": "3",
    "synonyms": [
      "3",
      "mucho",
      "severamente",
      "severo",
      "bastante",
      "tres",
      "un monton"
    ]
  }
]